<?xml version="1.0"?>
<data grt_format="2.0">
  <value _ptr_="000001A2607FD8C0" type="list" content-type="object" content-struct-name="db.mgmt.Connection">
    <value type="object" struct-name="db.mgmt.Connection" id="{9A82EEAF-BB34-4606-9A78-AED95CE71766}" struct-checksum="0x96ba47d8">
      <link type="object" struct-name="db.mgmt.Driver" key="driver">com.mysql.rdbms.mysql.driver.native</link>
      <value type="string" key="hostIdentifier">Mysql@localhost:3306</value>
      <value type="int" key="isDefault">0</value>
      <value _ptr_="000001A262200300" type="dict" key="modules"/>
      <value _ptr_="000001A2621FFD60" type="dict" key="parameterValues">
        <value type="string" key="SQL_MODE"></value>
        <value type="string" key="hostName">localhost</value>
        <value type="int" key="lastConnected">1713868987</value>
        <value type="string" key="password"></value>
        <value type="int" key="port">3306</value>
        <value type="string" key="schema"></value>
        <value type="string" key="serverVersion">8.0.35</value>
        <value type="string" key="sslCA"></value>
        <value type="string" key="sslCert"></value>
        <value type="string" key="sslCipher"></value>
        <value type="string" key="sslKey"></value>
        <value type="int" key="useSSL">1</value>
        <value type="string" key="userName">root</value>
      </value>
      <value type="string" key="name">Local instance MySQL80</value>
      <link type="object" struct-name="GrtObject" key="owner">{E114531F-2CF7-4EE4-8BC9-064803C3310C}</link>
    </value>
    <value type="object" struct-name="db.mgmt.Connection" id="{A756B86D-34E4-4BBB-AF89-EF2CD63B2FC1}" struct-checksum="0x96ba47d8">
      <link type="object" struct-name="db.mgmt.Driver" key="driver">com.mysql.rdbms.mysql.driver.native</link>
      <value type="string" key="hostIdentifier">Mysql@127.0.0.1:3306</value>
      <value type="int" key="isDefault">0</value>
      <value _ptr_="000001A2621FFDC0" type="dict" key="modules"/>
      <value _ptr_="000001A2621FFE80" type="dict" key="parameterValues">
        <value type="string" key="SQL_MODE"></value>
        <value type="string" key="hostName">127.0.0.1</value>
        <value type="int" key="lastConnected">1708010998</value>
        <value type="string" key="password"></value>
        <value type="int" key="port">3306</value>
        <value type="string" key="schema"></value>
        <value type="string" key="serverVersion">8.0.35</value>
        <value type="string" key="sslCA"></value>
        <value type="string" key="sslCert"></value>
        <value type="string" key="sslCipher"></value>
        <value type="string" key="sslKey"></value>
        <value type="int" key="useSSL">1</value>
        <value type="string" key="userName">mysql</value>
      </value>
      <value type="string" key="name">3.149.240.114</value>
      <link type="object" struct-name="GrtObject" key="owner">{E114531F-2CF7-4EE4-8BC9-064803C3310C}</link>
    </value>
    <value type="object" struct-name="db.mgmt.Connection" id="{1CE17A1E-D73D-44F8-8D60-0836C4D2E152}" struct-checksum="0x96ba47d8">
      <link type="object" struct-name="db.mgmt.Driver" key="driver">com.mysql.rdbms.mysql.driver.native</link>
      <value type="string" key="hostIdentifier">Mysql@3.149.240.114:3306</value>
      <value type="int" key="isDefault">1</value>
      <value _ptr_="000001A2621FF280" type="dict" key="modules"/>
      <value _ptr_="000001A2621FF100" type="dict" key="parameterValues">
        <value type="string" key="DbSqlEditor:LastDefaultSchema">recruit</value>
        <value type="string" key="SQL_MODE"></value>
        <value type="string" key="hostName">3.149.240.114</value>
        <value type="int" key="lastConnected">1713868441</value>
        <value type="string" key="password"></value>
        <value type="int" key="port">3306</value>
        <value type="string" key="schema"></value>
        <value type="string" key="serverVersion">8.0.35</value>
        <value type="string" key="sslCA"></value>
        <value type="string" key="sslCert"></value>
        <value type="string" key="sslCipher"></value>
        <value type="string" key="sslKey"></value>
        <value type="int" key="useSSL">1</value>
        <value type="string" key="userName">satish</value>
      </value>
      <value type="string" key="name">recruitdb-server-ec2</value>
      <link type="object" struct-name="GrtObject" key="owner">{E114531F-2CF7-4EE4-8BC9-064803C3310C}</link>
    </value>
  </value>
</data>
