<?xml version="1.0"?>
<data grt_format="2.0">
  <value _ptr_="000001A2607FD9A0" type="list" content-type="object" content-struct-name="db.mgmt.ServerInstance">
    <value type="object" struct-name="db.mgmt.ServerInstance" id="{9E9D82A7-E211-4C7A-97A2-887102B9464F}" struct-checksum="0x367436e2">
      <link type="object" struct-name="db.mgmt.Connection" key="connection">{9A82EEAF-BB34-4606-9A78-AED95CE71766}</link>
      <value _ptr_="000001A2622003C0" type="dict" key="loginInfo">
        <value type="string" key="wmi.hostName"></value>
        <value type="string" key="wmi.userName"></value>
      </value>
      <value _ptr_="000001A2621FF220" type="dict" key="serverInfo">
        <value type="string" key="serverVersion">8.0.35</value>
        <value type="int" key="setupPending">0</value>
        <value type="string" key="sys.config.path">C:\ProgramData\MySQL\MySQL Server 8.0\my.ini</value>
        <value type="int" key="sys.config.path.lock">1</value>
        <value type="string" key="sys.config.section">mysqld</value>
        <value type="string" key="sys.mysqld.service_name">MySQL80</value>
        <value type="string" key="sys.preset">Custom</value>
        <value type="string" key="sys.sudo"></value>
        <value type="string" key="sys.system">Windows</value>
        <value type="int" key="windowsAdmin">1</value>
      </value>
      <value type="string" key="name">Local MySQL80</value>
    </value>
    <value type="object" struct-name="db.mgmt.ServerInstance" id="{03B5A158-5CBB-4C73-AE7B-99DBDC7DA94D}" struct-checksum="0x367436e2">
      <link type="object" struct-name="db.mgmt.Connection" key="connection">{A756B86D-34E4-4BBB-AF89-EF2CD63B2FC1}</link>
      <value _ptr_="000001A2622009C0" type="dict" key="loginInfo">
        <value type="string" key="ssh.hostName"></value>
        <value type="string" key="ssh.key">C:\Users\SATISH\AppData\Roaming/.ssh/ssh_private_key</value>
        <value type="string" key="ssh.localPort">3306</value>
        <value type="int" key="ssh.useKey">0</value>
        <value type="string" key="ssh.userName">mysql</value>
      </value>
      <value _ptr_="000001A262201500" type="dict" key="serverInfo">
        <value type="string" key="serverVersion">8.0.35</value>
        <value type="int" key="setupPending">0</value>
        <value type="string" key="sys.sudo"></value>
        <value type="int" key="windowsAdmin">1</value>
      </value>
      <value type="string" key="name">3.149.240.114</value>
    </value>
    <value type="object" struct-name="db.mgmt.ServerInstance" id="{DF27E49A-66F1-405E-85E5-78B5F0A8C5DF}" struct-checksum="0x367436e2">
      <link type="object" struct-name="db.mgmt.Connection" key="connection">{1CE17A1E-D73D-44F8-8D60-0836C4D2E152}</link>
      <value _ptr_="000001A2622015C0" type="dict" key="loginInfo"/>
      <value _ptr_="000001A2622016E0" type="dict" key="serverInfo">
        <value type="string" key="serverVersion">8.0.35</value>
        <value type="int" key="setupPending">0</value>
        <value type="string" key="sys.sudo"></value>
      </value>
      <value type="string" key="name">recruitdb-server-ec2</value>
    </value>
  </value>
</data>
